side,time_bucket,distance_bucket,tertile,mean,std,n_rows,n_anchors,measure
above,open (0-60min),"(-0.001, 0.5]",mid,-0.0005247584547112082,0.00037561898479028234,4,4,A
above,open (0-60min),"(-0.001, 0.5]",high,-0.0009320990783009904,0.0009121301245649519,11,11,A
above,open (0-60min),"(0.5, 1.0]",mid,0.0007709375298651647,0.00031368201277372335,5,5,A
above,open (0-60min),"(0.5, 1.0]",high,-0.0005289937228351484,0.0007979884554429713,9,9,A
above,open (0-60min),"(1.0, 1.5]",low,-0.0006621274914926575,0.0003586229520600692,2,2,A
above,open (0-60min),"(1.0, 1.5]",mid,-0.0008452722831013852,0.0005606264604444923,5,5,A
above,open (0-60min),"(1.0, 1.5]",high,-0.00038476405047069864,0.0009089566659007366,8,8,A
above,open (0-60min),"(1.5, 2.0]",mid,0.0002169828459429882,0.0010838206398599594,11,11,A
above,open (0-60min),"(1.5, 2.0]",high,-0.000608323077331234,0.0006738282493270954,3,3,A
above,open (0-60min),"(2.0, 3.01]",low,-6.335582788014323e-05,0.0009645908459089123,13,13,A
above,open (0-60min),"(2.0, 3.01]",mid,-0.00027814004349253554,0.0012441704671738813,16,16,A
above,midday (60-180min),"(-0.001, 0.5]",low,-0.0003870813408067113,0.0003924617918389442,6,6,A
above,midday (60-180min),"(-0.001, 0.5]",mid,-0.00020912552069539368,0.0004118988160042528,7,7,A
above,midday (60-180min),"(-0.001, 0.5]",high,-0.000499115083454552,0.0005467561947851888,41,41,A
above,midday (60-180min),"(0.5, 1.0]",low,-0.00014204483928693563,0.0004904294700468125,9,9,A
above,midday (60-180min),"(0.5, 1.0]",mid,0.00012272820049525983,0.0005369301749360625,12,12,A
above,midday (60-180min),"(0.5, 1.0]",high,0.0001365220205836841,0.0005279929520451426,30,30,A
above,midday (60-180min),"(1.0, 1.5]",low,0.00020278783246274884,0.0007084614454982751,10,10,A
above,midday (60-180min),"(1.0, 1.5]",mid,-0.00030750741710740737,0.0007625644463472542,25,25,A
above,midday (60-180min),"(1.0, 1.5]",high,5.820938545883206e-05,0.0008775251501252744,19,19,A
above,midday (60-180min),"(1.5, 2.0]",low,8.945260570793167e-05,0.0007772330255998381,17,17,A
above,midday (60-180min),"(1.5, 2.0]",mid,0.00020007823637954389,0.0004904740160156407,27,27,A
above,midday (60-180min),"(1.5, 2.0]",high,9.042474916347243e-05,0.0006456801473283412,7,7,A
above,midday (60-180min),"(2.0, 3.01]",low,6.853468875793738e-06,0.000781939831296415,60,60,A
above,midday (60-180min),"(2.0, 3.01]",mid,0.00014555484776141418,0.0007504982532343052,39,39,A
above,midday (60-180min),"(2.0, 3.01]",high,-0.0002604598466784313,0.0006266816211969463,6,6,A
above,close (180min+),"(-0.001, 0.5]",low,-0.0002479927101807242,0.0002603005805514069,5,5,A
above,close (180min+),"(-0.001, 0.5]",mid,-0.00028304749445102193,0.0006409399112097768,8,8,A
above,close (180min+),"(-0.001, 0.5]",high,-0.00021974373682248042,0.0004856300412225252,74,74,A
above,close (180min+),"(0.5, 1.0]",low,8.825499237541258e-05,0.0005416827245697959,8,8,A
above,close (180min+),"(0.5, 1.0]",mid,-0.00022991492659072302,0.0009077123796255106,10,10,A
above,close (180min+),"(0.5, 1.0]",high,-4.917994569484588e-05,0.0005637690579252018,65,65,A
above,close (180min+),"(1.0, 1.5]",low,-7.300856430259566e-05,0.0004923675889017262,14,14,A
above,close (180min+),"(1.0, 1.5]",mid,-9.108784941537127e-05,0.0004011399188791069,49,49,A
above,close (180min+),"(1.0, 1.5]",high,-0.00023802376028555895,0.0007910650942910283,24,24,A
above,close (180min+),"(1.5, 2.0]",low,-1.4943740082422247e-05,0.0003947224789295906,35,35,A
above,close (180min+),"(1.5, 2.0]",mid,-1.3138475489371872e-05,0.0008294251795040341,46,46,A
above,close (180min+),"(1.5, 2.0]",high,0.0006808681479615013,0.0005612817794703744,2,2,A
above,close (180min+),"(2.0, 3.01]",low,-2.668226357530473e-05,0.0005155161739988185,137,137,A
above,close (180min+),"(2.0, 3.01]",mid,-0.0002425133919960524,0.0010436482504608139,29,29,A
above,close (180min+),"(2.0, 3.01]",high,0.00015928675338411434,0.000266983839042809,4,4,A
below,open (0-60min),"(-0.001, 0.5]",mid,-0.0004914567540701308,0.0007923420080963831,4,4,A
below,open (0-60min),"(-0.001, 0.5]",high,-0.0005024459954202863,0.0005375272930237919,10,10,A
below,open (0-60min),"(0.5, 1.0]",mid,-0.0005366089724656733,0.0020917008727210753,3,3,A
below,open (0-60min),"(0.5, 1.0]",high,0.00030335929838139653,0.0005704557967575652,12,12,A
below,open (0-60min),"(1.0, 1.5]",mid,-8.462406662539621e-05,0.0011356759598995373,9,9,A
below,open (0-60min),"(1.0, 1.5]",high,3.995490524987964e-05,0.0009864477518816432,5,5,A
below,open (0-60min),"(1.5, 2.0]",low,0.0006621274914926575,0.0003586229520600692,2,2,A
below,open (0-60min),"(1.5, 2.0]",mid,-0.00011384931904804897,0.0012285968557225262,9,9,A
below,open (0-60min),"(1.5, 2.0]",high,0.001384024355037181,0.00042110350683728133,4,4,A
below,open (0-60min),"(2.0, 3.01]",low,-6.817590538125355e-05,0.0013616369897156738,7,7,A
below,open (0-60min),"(2.0, 3.01]",mid,0.0002538465263933492,0.001087924329914749,20,20,A
below,open (0-60min),"(2.0, 3.01]",high,0.00033708363406211066,0.0007167377050714005,2,2,A
below,midday (60-180min),"(-0.001, 0.5]",low,-1.0073737497102952e-05,0.000395202273904503,7,7,A
below,midday (60-180min),"(-0.001, 0.5]",mid,-0.0001117326068220432,0.00035473016577936857,12,12,A
below,midday (60-180min),"(-0.001, 0.5]",high,-0.0004196626342783449,0.0005253946887901011,32,32,A
below,midday (60-180min),"(0.5, 1.0]",low,-0.00010581711816484421,0.000837156091354889,6,6,A
below,midday (60-180min),"(0.5, 1.0]",mid,-2.2024381326553505e-05,0.0008815218773555542,10,10,A
below,midday (60-180min),"(0.5, 1.0]",high,4.66652804957699e-05,0.0008356635561585814,38,38,A
below,midday (60-180min),"(1.0, 1.5]",low,8.119068990349979e-06,0.0005632014660728926,11,11,A
below,midday (60-180min),"(1.0, 1.5]",mid,-0.00017830429800971598,0.0006033746787453713,29,29,A
below,midday (60-180min),"(1.0, 1.5]",high,-0.00022493318545808332,0.0006964735926051084,11,11,A
below,midday (60-180min),"(1.5, 2.0]",low,1.877948463609281e-06,0.0007412827378016527,13,13,A
below,midday (60-180min),"(1.5, 2.0]",mid,0.00015678157564225876,0.000883703188361796,31,31,A
below,midday (60-180min),"(1.5, 2.0]",high,-0.00018539503666823018,0.0010463786289506747,10,10,A
below,midday (60-180min),"(2.0, 3.01]",low,-3.712981152213294e-06,0.0006981428437475442,52,52,A
below,midday (60-180min),"(2.0, 3.01]",mid,-7.666533380442465e-05,0.0008408261422524015,50,50,A
below,midday (60-180min),"(2.0, 3.01]",high,-0.00016624880167862206,0.0006324601922014982,3,3,A
below,close (180min+),"(-0.001, 0.5]",low,-9.597830342236088e-05,0.0004603300703118249,5,5,A
below,close (180min+),"(-0.001, 0.5]",mid,-0.0004555671265460688,0.0006039038403101907,6,6,A
below,close (180min+),"(-0.001, 0.5]",high,-0.00019637890569261992,0.0005667940975667475,73,73,A
below,close (180min+),"(0.5, 1.0]",low,9.364235277555876e-06,0.0006326701402884231,9,9,A
below,close (180min+),"(0.5, 1.0]",mid,0.00017420701477775173,0.0004707886696561189,14,14,A
below,close (180min+),"(0.5, 1.0]",high,4.8780368747557e-05,0.0003625516997045666,63,63,A
below,close (180min+),"(1.0, 1.5]",low,-4.052235628859997e-05,0.0004333221520250227,11,11,A
below,close (180min+),"(1.0, 1.5]",mid,7.913433310103944e-06,0.0005770565018003214,46,46,A
below,close (180min+),"(1.0, 1.5]",high,-0.0001372319967534975,0.0007432370187381112,27,27,A
below,close (180min+),"(1.5, 2.0]",low,0.00015700657566939871,0.0005915897597813937,41,41,A
below,close (180min+),"(1.5, 2.0]",mid,7.732682128744739e-05,0.0005033321327277565,35,35,A
below,close (180min+),"(1.5, 2.0]",high,0.0001808904332769571,0.00042988385568437523,10,10,A
below,close (180min+),"(2.0, 3.01]",low,8.659559553881625e-05,0.0005150695778551913,128,128,A
below,close (180min+),"(2.0, 3.01]",mid,-4.175811706222255e-05,0.0009555475642367927,37,37,A
below,close (180min+),"(2.0, 3.01]",high,0.00010240511329991297,0.0005289111026958696,5,5,A
